id,faction,name,type,cost,resource,str,hp,cracked_str,cracked_hp,crack_recipe,colors,rules,art_target,composition_hint
"GEO-001","Living Geodes","Pebbleheart Hatchling","Creature","2","2","1","4","4","4","Red+Blue","","Crack — Deal 2 damage to an enemy creature.","Small basalt hatchling breaking out of a rounded stone shell, red and blue crystal veins glowing through fresh fractures.","tight portrait"
"GEO-002","Living Geodes","Quartz Bulwark","Creature","3","2","1","6","3","8","Blue+Blue","","Cracked — Taunt.","Broad quartz-backed guardian with shield-like crystal plates and a low immovable stance; defensive mass, not humanoid armor.","full-body character"
"GEO-003","Living Geodes","Lava Geode","Creature","3","1","2","5","5","5","Red+Red","","Cracked — The first time Lava Geode attacks each round, deal 1 additional damage to its target after combat.","Predatory volcanic geode creature with molten red seams and a blast of post-impact crystal shrapnel.","low-angle action"
"GEO-004","Living Geodes","Lumen Nodule","Creature","4","2","1","5","3","7","Green+Blue","","Crack — Restore 3 HP divided among friendly creatures.","Softly luminous healing nodule organism, blue-green mineral light flowing from clustered facets into nearby allies.","wide environmental"
"GEO-005","Living Geodes","Razor Geode","Creature","4","1","3","4","6","4","Red+Violet","","Cracked — The first time Razor Geode attacks each round, it gains +2 STR for that combat.","Lean razor-edged crystal predator built from knife-like red-violet shards, shown lunging through a single decisive combat beat.","three-quarter portrait"
"GEO-006","Living Geodes","Mirrorstone Egg","Creature","4","2","1","5","4","6","Blue+Violet","","Crack — Choose an enemy creature. Mirrorstone Egg gains STR equal to that creature's printed STR this round, maximum +4 STR.","Polished mirror-stone egg reflecting an enemy silhouette across its facets, its own shape beginning to imitate the reflected strength.","top-down/diagrammatic"
"GEO-007","Living Geodes","Deepcore Cocoon","Creature","5","1","2","7","6","8","Blue+Green+Green","","Dormant — Taunt. Crack — Restore 2 HP to Deepcore Cocoon.","Massive deep-earth cocoon of blue-green stone layers, visibly dormant yet blocking a tunnel like a living fortress.","macro artifact"
"GEO-008","Living Geodes","Gemscale Larva","Creature","5","2","2","5","6","5","Red+Green","","Crack — If Gemscale Larva has not acted this round, it immediately gains one additional combat action.","Fast gem-scaled larval beast mid-emergence, red-green scales peeling open as it surges forward before fully settling.","silhouette/action"
"GEO-009","Living Geodes","Stressborn Cluster","Creature","5","1","0","8","7","6","Red+Violet","","The first time each round a Prism is attached to Stressborn Cluster, it gains +2 STR this round. Crack — Draw 1 card.","Unstable crystal cluster under visible internal stress, dormant mass compressing around red-violet fault lines before explosive growth.","side-profile motion"
"GEO-010","Living Geodes","Shard Choir Seed","Creature","5","2","1","6","4","6","Green+Violet","","Cracked — The first three times each round another friendly Geode receives a Prism, Shard Choir Seed gains +1 STR this round.","Choir-like colony of many small resonant shards orbiting a central seed, each new Prism making the whole formation sing brighter.","cinematic wide"
"GEO-011","Living Geodes","Crown Geode","Creature","6","1","2","7","6","9","Blue+Violet+Violet","","Crack — Draw 2 cards, then put 1 card from your hand on the bottom of your deck.","Regal crown-shaped geode with blue-violet crystal spires and deep internal chambers suggesting stored knowledge and selection.","tight portrait"
"GEO-012","Living Geodes","Worldheart Geode","Creature","8","1","3","9","8","10","Green+Green+Blue","","At the end of your round, if Worldheart Geode has at least 2 Prisms attached, restore 2 HP to another friendly Geode.","Ancient colossal worldheart crystal organism rooted into cavern walls, green-blue life-light pulsing outward toward smaller Geodes.","full-body character"
"GEO-013","Living Geodes","Violet Shard","Prism","3","2","","","","","","Red+Blue","PRISM — Choose Red or Blue when attached. Red: Attached Geode gains +2 STR during its first combat action each round. Blue: Whenever attached Geode is about to take combat damage, it gains Shield 1 before that damage.","A clean cut Prism shard suspended alone, split visually between aggressive red and protective blue energy; artifact focus, no creature.","low-angle action"
"GEO-014","Living Geodes","Emberbloom Prism","Prism","3","2","","","","","","Red+Green","PRISM — Choose Red or Green when attached. Red: Attached Geode has +1 STR. Green: At the start of your round, restore 1 HP to attached Geode.","Faceted Prism with one ember-red half and one moss-green flowering half, heat and regrowth sharing the same mineral core.","wide environmental"
"GEO-015","Living Geodes","Riftglass Prism","Prism","3","1","","","","","","Red+Violet","PRISM — Choose Red or Violet when attached. Red: Attached Geode deals +2 damage on direct attacks. Violet: The first time each round you attach another Prism, attached Geode gains +1 STR / +1 maximum and current HP this round.","Distorted riftglass Prism with red fracture-light on one side and violet spatial echoes on the other, reality bending around its edges.","three-quarter portrait"
"GEO-016","Living Geodes","Tidemoss Prism","Prism","3","2","","","","","","Blue+Green","PRISM — Choose Blue or Green when attached. Blue: The first damage attached Geode takes each round is reduced by 1. Green: At the end of your round, restore 2 HP to attached Geode.","Water-worn Prism overgrown with mineral moss, blue defensive sheen against a green restorative glow.","top-down/diagrammatic"
"GEO-017","Living Geodes","Mirror Prism","Prism","3","2","","","","","","Blue+Violet","PRISM — Choose Blue or Violet when attached. Blue: At the start of Action Phase, attached Geode gains Shield 1. Violet: For Crack Recipe checks, this Prism may satisfy any one missing color instead of Violet.","Near-perfect mirrored Prism reflecting impossible colors, blue defensive geometry opposed by violet wild-spectrum refraction.","macro artifact"
"GEO-018","Living Geodes","Verdant Echo Prism","Prism","3","1","","","","","","Green+Violet","PRISM — Choose Green or Violet when attached. Green: When attached Geode Cracks, restore 4 HP to it. Violet: When attached Geode Cracks, draw 1 card, then put 1 card from your hand on the bottom of your deck.","Echoing green-violet Prism wrapped in translucent mineral vines, one face restorative and the other memory-like/card-cycling.","silhouette/action"
"GEO-019","Living Geodes","Refraction Screen","Trap","3","1","","","","","","","When a friendly Dormant Geode with at least 1 Prism is attacked, it gains Shield 2 before combat.","Dormant Geode behind a sudden angled wall of refracted crystal light as an incoming attack splits harmlessly around it.","side-profile motion"
"GEO-020","Living Geodes","Emergency Facet","Trap","5","1","","","","","","","When a friendly Dormant Geode would be destroyed by damage, if it is exactly one color short of its Crack Recipe, treat one attached Prism as a wild color for that Crack check. If it Cracks, prevent 3 of that damage.","Near-shattered Geode at the instant an emergency facet snaps into place, one wild-spectrum crystal completing the transformation under lethal pressure.","cinematic wide"
"GEO-021","Living Geodes","Seed of the Deep","Creature","2","2","0","5","3","7","Green+Green","","The first time each round a Prism is attached to Seed of the Deep, restore 1 HP to it. Cracked — At the start of your round, restore 1 additional HP to it.","Tiny deep-sea-like seed crystal in dark stone, green growth light sealing hairline damage as new facets attach.","tight portrait"
"GEO-022","Living Geodes","Faultborn Sentinel","Creature","4","2","2","6","5","7","Blue+Red","","Crack — Gain Shield 2. Cracked — The first damage Faultborn Sentinel takes each round is reduced by 1.","Sentinel-shaped crystal beast with blue-red fault armor, shield plates forming as it cracks open into a tougher combat form.","full-body character"
"GEO-023","Living Geodes","Crystal Parasite","Creature","3","1","1","4","4","5","Violet+Violet","","The first time each round another friendly Geode receives a Prism, Crystal Parasite gains +1 STR this round and restores 1 HP.","Small violet crystal parasite clinging to a larger Geode network, feeding on nearby Prism activity and swelling brighter.","low-angle action"
"GEO-024","Living Geodes","Glassjaw Colossus","Creature","6","1","5","5","9","6","Red+Blue","","Whenever Glassjaw Colossus takes 3 or more damage from one source and survives, it gains +2 STR this round.","Tall brittle-looking glass colossus with dangerous internal red-blue stress lines, becoming more violent after surviving a heavy strike.","wide environmental"
"GEO-025","Living Geodes","Prismatic Broodmother","Creature","7","1","3","8","6","9","Green+Violet+Red","","Crack — Summon a 0/3 Shardling. A Shardling Cracks into 3/3 when any Prism is attached to it.","Huge broodmother cavern organism opening a prismatic chamber as a tiny 0/3 Shardling emerges beneath it.","three-quarter portrait"
"GEO-026","Living Geodes","Aurex, Worldheart Unsealed","Legendary Creature","9","2","4","11","10","11","Red+Blue+Green+Violet","","Whenever another friendly Geode Cracks, restore 1 HP to Aurex. KIMBERLITE — Mantle Detonation: the first Kimberlite discount each round is 2 instead of 1. FRACTURE — Fault Network: the first Fracture Prism each round also lets you draw 1 card, then put 1 card from your hand on the bottom of your deck.","Legendary worldheart entity fully unsealed: monumental four-color crystalline sovereign with mantle layers, fault networks, and unmistakable apex scale.","top-down/diagrammatic"
"GEO-027","Living Geodes","Prismatic Search","Spell","3","2","","","","","","","Look at the top 4 cards of your deck. Put a Prism among them into your hand; put the rest on the bottom in any order.","Top-down geological divination scene: four revealed stones/cards arranged around one selected Prism while the others sink beneath layered strata.","macro artifact"
"GEO-028","Living Geodes","Refract","Spell","4","2","","","","","","","Choose a Prism attached to a friendly Dormant Geode. Switch it to its other printed color. Re-check that Geode's Crack Recipe.","A mounted Prism rotating through a beam of light, its active color visibly switching as the host Geode’s crack pattern reconfigures.","silhouette/action"
"GEO-029","Living Geodes","Crystal Relay","Spell","5","1","","","","","","","Choose a friendly Dormant Geode. Restore 2 HP to it. The next Prism attached to it this round contributes both of its printed colors toward its Crack Recipe.","Two dormant Geodes connected by a precise crystalline relay beam, restorative energy and dual-color refraction traveling through the link.","side-profile motion"
"GEO-030","Living Geodes","Perfect Alignment","Trap","4","1","","","","","","","When you attach a Prism that leaves a Dormant Geode exactly one color short of Cracking, draw 1 card. The next Prism you play this round costs 1 less, minimum 1.","A fault-line diagram resolving into perfect crystalline alignment, one final missing color slot glowing as the next Prism becomes easier to place.","cinematic wide"
"HAR-001","Harvest","Furrow Keeper","Creature","3","2","1","4","","","","","At the end of your round before Wither, another friendly Harvest creature gains +1 maximum and current HP permanently.","Patient field-keeper made of bark, roots, and stitched crop cloth tending another creature as its living frame thickens.","tight portrait"
"HAR-002","Harvest","Briarback","Creature","4","2","3","5","","","","","The first time each round Briarback survives creature combat damage, it gains +1 maximum and current HP permanently.","Briar-covered quadruped taking a hit and immediately growing a tougher ring of thorny wood.","full-body character"
"HAR-003","Harvest","Hollow Grazer","Creature","4","1","3","5","","","","","Before attacking, you may reduce Hollow Grazer's maximum and current HP by 2 permanently, minimum 1. If you do, it gains +3 STR this round.","Hollow grazing beast sacrificing chunks of its own woody bulk to sprout oversized attack antlers.","low-angle action"
"HAR-004","Harvest","Graftkeeper","Creature","4","2","2","5","","","","","On play, move up to 2 permanent STR or maximum-HP bonus points from your other friendly creatures onto Graftkeeper in any combination.","Grafting caretaker physically transplanting glowing growth knots from allied bodies onto itself.","wide environmental"
"HAR-005","Harvest","Blightmouth","Creature","4","1","3","4","","","","","The first time each round Blightmouth gains STR or maximum HP, its next damage dealt this round is increased by 2.","Maw-like blighted plant creature whose mouth and thorns flare after it gains new growth.","three-quarter portrait"
"HAR-006","Harvest","The Walking Orchard","Creature","7","1","3","8","","","","","At the start of your round, choose up to two other friendly Harvest creatures. Each gains +1 maximum and current HP permanently.","Massive orchard-creature walking on root legs, fruiting branches reaching down to strengthen two smaller allies.","top-down/diagrammatic"
"HAR-007","Harvest","Prune the Weak","Spell","3","1","","","","","","","Destroy a friendly creature. Another friendly creature gains STR equal to the destroyed creature's current STR, maximum +3 STR, permanently.","A weak plant-creature deliberately pruned away while its strongest growth is grafted into a survivor.","macro artifact"
"HAR-008","Harvest","Forced Bloom","Spell","2","2","","","","","","","A friendly creature gains +3 STR this round. After it takes a combat action this round, deal 1 damage to it.","A bud forced open too early, explosive flowering giving temporary strength with visible post-action damage.","silhouette/action"
"HAR-009","Harvest","Overgrowth","Spell","3","1","","","","","","","A friendly creature gains +4 maximum and current HP permanently. It cannot take a combat action this round.","One creature buried in sudden heavy overgrowth, becoming enormous and rooted in place for the round.","side-profile motion"
"HAR-010","Harvest","Thorn Tithe","Trap","3","2","","","","","","","After a friendly Harvest creature survives combat damage, it gains +1 STR / +1 maximum and current HP permanently.","Thorny tithe-vines wrapping a survivor after combat, converting pain into permanent new body mass.","cinematic wide"
"HAR-011","Harvest","Rootbound Tender","Creature","2","1","1","3","","","","","Once per round, when another friendly Harvest creature would take Wither damage, it gains +1 maximum and current HP permanently instead.","Tiny root-bound tender intercepting Wither through underground roots and turning decay into fresh growth.","tight portrait"
"HAR-012","Harvest","Splitbark","Creature","3","2","2","4","","","","","The first time each round Splitbark gains permanent STR or maximum HP, another friendly creature gains +1 of the same stat permanently.","Split-trunk organism branching a newly gained stat into a second allied creature through connected roots.","full-body character"
"HAR-013","Harvest","Rejuvenation","Growth","3","1","3","4","","","","","GROWTH — Attach dormant to a friendly Harvest creature. When attached ally would take fatal damage, Bloom: leave it at 1 HP instead. For its controller's next 2 turns, restore 2 HP to it at the start and end of the turn.","Dormant seed-growth attached to an ally, bursting into restorative bloom at the instant fatal damage would land.","low-angle action"
"HAR-014","Harvest","Thornbloom","Growth","3","2","2","6","","","","","GROWTH — Attach dormant to a friendly Harvest creature. When attached ally survives creature combat damage, Bloom for 2 turns. At the start of each of those turns it gains +2 STR that round.","Tight thorn bud attached to a host, blooming after survived combat into a two-turn aggressive crown.","wide environmental"
"HAR-015","Harvest","Carrion Root","Growth","3","1","3","7","","","","","GROWTH — Attach dormant to a friendly Harvest creature. When another friendly creature dies, Bloom for 2 turns. At the start and end of each of those turns, attached ally permanently gains +1 STR / +1 maximum and current HP.","Carrion root sleeping beneath the field until a friendly death feeds it, then thickening its host over two turns.","three-quarter portrait"
"HAR-016","Harvest","Nourishing Mycelium","Growth","3","1","5","10","","","","","GROWTH — Attach dormant to a friendly Harvest creature. When attached ally becomes Nourished after being unnourished, Bloom for 2 turns. While Blooming it cannot take Wither damage; restore 1 HP to it at the start and end of each turn.","Soft luminous mycelium network attached across a host, blooming when nourishment returns and insulating it from Wither.","top-down/diagrammatic"
"HAR-017","Harvest","Predator Vine","Growth","3","2","","","","","","","GROWTH — Attach dormant to a friendly Harvest creature. When attached ally destroys an enemy creature in combat, Bloom for 2 turns. The first time each turn it deals damage to another target, it permanently gains +1 STR / +1 maximum and current HP.","Predatory vine coiled dormant around a host, blooming only after a kill and then feeding on each new victim.","macro artifact"
"HAR-018","Harvest","Ironbark Bloom","Growth","3","2","","","","","","","GROWTH — Attach dormant to a friendly Harvest creature. When attached ally takes 3 or more damage from one source and survives, Bloom for 2 turns. At the start and end of each turn, give it Shield 2.","Dense iron-bark bud fused to a host, blooming after a heavy hit into layered natural shield plates.","silhouette/action"
"HAR-019","Harvest","Cultivate","Spell","5","1","","","","","","","Choose two different friendly creatures. Each gains +1 STR / +1 maximum and current HP permanently.","Two separate allied creatures being cultivated simultaneously by one branching gardener-root system.","side-profile motion"
"HAR-020","Harvest","Ripen Under Pressure","Trap","3","1","","","","","","","After a friendly creature survives enemy creature damage, it gains +2 maximum and current HP permanently.","A battered creature ripening instead of breaking, fresh rings of wood and muscle forming where combat damage landed.","cinematic wide"
"HAR-021","Harvest","Sapkeeper","Creature","2","2","1","3","","","","","The first time each round another friendly creature gains maximum HP, restore 1 HP to it and Sapkeeper gains +1 STR this round.","Small sap-keeper squeezing luminous resin into an ally as that ally gains permanent body mass.","tight portrait"
"HAR-022","Harvest","Graft Ox","Creature","4","2","3","5","","","","","The first time each round permanent STR or maximum-HP bonuses are moved onto Graft Ox, it gains +1 STR / +1 maximum and current HP permanently.","Heavy graft ox covered with transplant scars and new growth knots, becoming stronger when bonuses are moved onto it.","full-body character"
"HAR-023","Harvest","Thornfed Stag","Creature","4","2","4","4","","","","","The first time each round Thornfed Stag takes damage from one of your own cards or abilities, it gains +1 STR / +1 maximum and current HP permanently.","Thorn-fed stag deliberately struck by its own faction’s pruning tools, antlers and body growing from the pain.","low-angle action"
"HAR-024","Harvest","Orchard Midwife","Creature","5","1","2","7","","","","","At the end of your round before Wither, choose a damaged friendly creature that is Nourished. Restore 2 HP to it.","Orchard midwife tending a damaged but nourished creature beneath hanging fruit and root-lanterns.","wide environmental"
"HAR-025","Harvest","Feastroot Titan","Creature","7","1","5","9","","","","","Once per round, reduce Feastroot Titan's maximum and current HP by 2 permanently, minimum 1. Another friendly creature gains +2 STR / +2 maximum and current HP permanently.","Huge feastroot titan cutting away parts of its own roots to feed permanent growth into a smaller ally.","three-quarter portrait"
"HAR-026","Harvest","Eldergrowth, the First Orchard","Legendary Creature","9","2","6","12","","","","","CONSUME — Feast While Warm: for the first creature you Consume each round, treat its printed Cost as 2 higher before calculating the Consume bonus, maximum effective Cost 9. REGURGITATE — when another friendly creature dies, the first Regurgitate bonus each round may be split as +1/+1 to two different survivors instead of one.","Legendary first orchard: ancient colossal tree-beast with many grafted species living through it, both consuming and redistributing life.","top-down/diagrammatic"
"HAR-027","Harvest","Selective Breeding","Spell","3","2","","","","","","","Choose a friendly creature with a permanent STR or maximum-HP bonus. Another friendly creature gains +1 permanent bonus of one stat type that the chosen creature has gained permanently.","Selective breeding tableau comparing two living specimens while one chosen trait is carefully propagated to another.","macro artifact"
"HAR-028","Harvest","Cull and Compost","Spell","4","2","","","","","","","Destroy a damaged friendly creature. Draw 2 cards. Another friendly creature gains +2 maximum and current HP permanently.","Damaged ally composted into dark fertile soil while new cards/options rise and another creature thickens.","silhouette/action"
"HAR-029","Harvest","Late Harvest","Spell","6","1","","","","","","","Remove up to 4 permanent STR or maximum-HP bonus points from one friendly creature. Distribute the same number of permanent STR or maximum-HP bonus points among your other friendly creatures in any combination.","Late-season harvest scene redistributing mature growth from one giant organism across several younger allies.","side-profile motion"
"HAR-030","Harvest","Deep Roots","Trap","4","1","","","","","","","When a friendly creature with permanent stat bonuses would be destroyed by damage, remove up to 2 of those bonus points. Prevent 2 damage for each point removed.","Deep roots ripping permanent growth back into the earth to absorb a lethal blow before it reaches the creature.","cinematic wide"
"CON-001","Continuum","Firststep Scout","Creature","1","1","2","3","","","","","High Sequence (4/5) - Firststep Scout has +1 STR / +1 maximum and current HP.","Young temporal scout stepping across the first glowing marker of an impossible path, light armor and a forward-moving clock motif.","tight portrait"
"CON-002","Continuum","Second Bell Adept","Creature","2","2","2","4","","","","","High Sequence (4/5) - The first time each round your Sequence changes while remaining at 4 or 5, Second Bell Adept gains +2 STR this round.","Bell-bearing adept listening to a second chime while two nearby time markers remain suspended between ticks.","full-body character"
"CON-003","Continuum","Third Motion Engine","Creature","3","1","2","5","","","","","Sequence Complete - Your next card this round costs 2 less, minimum 1.","Compact three-stage motion engine with interlocking rings completing a cycle and releasing stored temporal energy.","low-angle action"
"CON-004","Continuum","Fourth Horizon","Creature","5","1","4","5","","","","","High Sequence (4/5) - Fourth Horizon has +2 STR / +2 maximum and current HP.","Tall horizon-walker framed by four receding planes of time, silhouette stretched toward a luminous future edge.","wide environmental"
"CON-005","Continuum","Zero Point Witness","Creature","2","2","2","4","","","","","Sequence Complete - Restore 2 Health to yourself and 2 HP to Zero Point Witness.","Still observer at a black zero-point circle while the world loops around them, calm amid temporal reset energy.","three-quarter portrait"
"CON-006","Continuum","Interval Keeper","Creature","4","2","3","5","","","","","High Sequence (4/5) - The first time each round your Sequence changes, draw 1 card, then put 1 card from your hand on the bottom of your deck.","Keeper measuring unequal gaps between floating moments, cards and clock fragments orbiting a precise interval gauge.","top-down/diagrammatic"
"CON-007","Continuum","Relay Walker","Creature","4","2","3","4","","","","","Sequence Complete - Ready another friendly creature that has already acted this round. It may take one additional combat action this round.","Mechanical walker relaying a pulse backward to reawaken an already-spent ally, motion trails showing renewed action.","macro artifact"
"CON-008","Continuum","Fifth Vector","Creature","6","1","5","5","","","","","Sequence Complete - Fifth Vector gains +3 STR this round. If it has not acted this round, it may immediately take one combat action.","Aggressive vector-being launching from the fifth marker of a sequence, all lines converging into one immediate strike.","silhouette/action"
"CON-009","Continuum","Between Moments","Creature","3","2","2","6","","","","","High Sequence (4/5) - Between Moments has Taunt and +0 STR / +2 maximum and current HP.","Creature existing literally between two frozen moments, body occupying a narrow temporal gap like a living barricade.","side-profile motion"
"CON-010","Continuum","Continuum Scribe","Creature","5","1","3","6","","","","","Sequence Complete - Draw 2 cards, then put 1 card from your hand on the bottom of your deck.","Scribe writing across a ribbon of repeating time, pages folding under themselves as information is drawn and reordered.","cinematic wide"
"CON-011","Continuum","Endline Predator","Creature","6","1","5","6","","","","","High Sequence (4/5) - Endline Predator has +3 STR.","Predator stalking the glowing end of a sequence track, body sharpening as the count reaches high sequence.","tight portrait"
"CON-012","Continuum","Ourostep Architect","Creature","7","1","5","7","","","","","On play, Shift your Sequence 1 step in its current direction. High Sequence (4/5) - Once per round when your Sequence would Shift, you may keep it at its current number instead.","Architect standing inside an ouroboros-shaped staircase, directing whether the moving sequence advances or holds.","full-body character"
"CON-013","Continuum","Frozen in Balance","FLUX","0","2","","","","","","","FLUX 0 — If Sequence 1 → 2 → 3 occurs during one round, activate. For your next 3 turns, Sequence cannot advance above 4; effects that would advance it while at 4 do not move it.","Three numbered temporal plates 1→2→3 freezing into a rigid balance frame at the instant the Flux arms.","low-angle action"
"CON-014","Continuum","Borrowed Future","FLUX","0","1","","","","","","","FLUX 0 — If Sequence 2 → 3 → 4 occurs during one round, activate. Draw 2 cards, then put 1 card from your hand on the bottom of your deck.","A hand reaching into a translucent future layer and pulling two possibilities forward while one is deliberately returned.","wide environmental"
"CON-015","Continuum","Split Second","FLUX","0","2","","","","","","","FLUX 0 — If Sequence 3 → 4 → 5 occurs during one round, activate. All friendly creatures gain +2 STR this round.","A single razor-thin instant split open at 3→4→5, releasing a synchronized surge through allied silhouettes.","three-quarter portrait"
"CON-016","Continuum","Backstep Paradox","FLUX","0","2","","","","","","","FLUX 0 — If Sequence 5 → 4 → 3 occurs during one round, activate. Restore 2 HP to every friendly creature.","Time flowing backward through 5→4→3 as damage unwinds from several allied creatures.","top-down/diagrammatic"
"CON-017","Continuum","Impossible Return","FLUX","0","1","","","","","","","FLUX 0 — If Sequence 3 → 2 → 1 occurs during one round, activate. Draw 2 cards, then put 2 cards from your hand on the bottom of your deck.","A corridor folding from 3→2→1 into itself, impossible geometry returning choices to the bottom of the timeline.","macro artifact"
"CON-018","Continuum","Möbius Lock","FLUX","0","1","","","","","","","FLUX 0 — If Sequence 4 → 5 → 4 occurs during one round, activate. Your printed High Sequence effects remain active until the end of your next round even if Sequence leaves 4/5. Draw 1 card.","A Möbius band made of clockwork segments locking 4→5→4 into a persistent high-sequence state.","silhouette/action"
"CON-019","Continuum","Out of Order","Trap","2","2","","","","","","","When an enemy creature attacks, High Sequence (4/5) - That attacker gets -3 STR for this combat. If you are not at High Sequence, this Trap remains set.","An enemy attacker entering a deliberately misordered timeline, limbs and weapon staggered across mismatched moments.","side-profile motion"
"CON-020","Continuum","Last Before First","Trap","4","1","","","","","","","When a friendly creature is destroyed, Shift your Sequence 1 step in its current direction. Sequence Complete - Draw 1 card.","A fallen ally disappearing just before the next sequence tick, its final echo pushing the temporal track forward.","cinematic wide"
"CON-021","Continuum","Opening Echo","Creature","1","2","2","2","","","","","On play, Shift your Sequence 1 step in its current direction. Sequence Complete - If this play caused the completion, draw 1 card.","Small echo-creature appearing at the opening beat of a loop, first footstep already causing the sequence to shift.","tight portrait"
"CON-022","Continuum","Midpoint Warden","Creature","3","2","2","5","","","","","High Sequence (4/5) - The first time each round a friendly creature would take damage, reduce that damage by 2.","Temporal warden holding a central midpoint shield while the first incoming damage of the round bends around it.","full-body character"
"CON-023","Continuum","Triple Threader","Creature","4","2","3","4","","","","","Sequence Complete - Draw 2 cards, then put 1 card from your hand on the bottom of your deck.","Three luminous threads braided through one creature’s hands, completion of the pattern producing fresh options.","low-angle action"
"CON-024","Continuum","Loop Hound","Creature","5","1","5","4","","","","","High Sequence (4/5) - Loop Hound has +2 STR / +2 maximum and current HP. Whenever your Sequence moves from 5 to 4, ready Loop Hound.","Hound-like loop predator snapping from marker 5 back to 4 and instantly springing into motion again.","wide environmental"
"CON-025","Continuum","Seventh Step","Creature","6","1","4","7","","","","","High Sequence (4/5) - The first Spell you play each round costs 2 less, minimum 1.","Seventh-step mystic standing beyond the normal five-count track, using temporal surplus to cheapen the next spell.","three-quarter portrait"
"CON-026","Continuum","The Infinite Interval","Legendary Creature","9","2","7","9","","","","","High Sequence (4/5) — The Infinite Interval has +2 STR / +2 maximum and current HP. Sequence Complete — Draw 2 cards; your next card this round costs 2 less, minimum 1. SKIP AHEAD — Perfect Acceleration: you may use Skip Ahead twice per round; each use still requires its discard. LOOP BACK — Closed Circuit: the first time each round your Sequence moves backward while at 4 or 5, all friendly creatures with a High Sequence effect gain +1 STR / +1 maximum and current HP this round.","Legendary living interval spanning multiple moments at once, immense figure repeated through 0–5 with a closed-circuit halo.","top-down/diagrammatic"
"CON-027","Continuum","Count to Three","Spell","3","2","","","","","","","Shift your Sequence 1 step in its current direction. High Sequence (4/5) - Your next three cards this round each cost 1 less, minimum 1.","Three enormous count markers collapsing forward in one deliberate acceleration, the next actions becoming lighter and faster.","macro artifact"
"CON-028","Continuum","Repeat Measure","Spell","4","2","","","","","","","Sequence Complete - Copy one other Sequence Complete effect you control that triggered from this completion. You may choose new legal targets.","A completed temporal effect reflected into a second identical event, two branching outcomes sharing one source moment.","silhouette/action"
"CON-029","Continuum","Beyond the Fifth","Spell","6","1","","","","","","","Sequence Complete - Draw 2 cards. Your next card this round costs 3 less, minimum 1.","View beyond the fifth marker into an overbright impossible future, cards and energy being pulled back from beyond the limit.","side-profile motion"
"CON-030","Continuum","Missed Beat","Trap","3","1","","","","","","","When an enemy creature attacks, Shift your Sequence 1 step in its current direction. High Sequence (4/5) - If your Sequence is 4 or 5 after the Shift, that attacker gets -3 STR for this combat.","An attacker thrown off rhythm by a missing beat while the sequence track advances beneath their feet.","cinematic wide"
"MON-001","Moondemons","Bloodtrail Cub","Creature","2","1","2","3","","","","","Bloodied - Bloodtrail Cub has +2 STR while attacking.","Lean lunar cub following a scarlet trail under cold moonlight, small but suddenly ferocious once wounded.","tight portrait"
"MON-002","Moondemons","Scar Dancer","Creature","3","2","3","4","","","","","Bloodied - After Scar Dancer deals damage and its universal 2-HP restore resolves, you may deal 1 damage to Scar Dancer.","Graceful scarred duelist dancing through a self-inflicted cut after feeding, controlled pain rather than gore.","full-body character"
"MON-003","Moondemons","Pale Leech","Creature","3","2","2","5","","","","","Bloodied - The first time each round Pale Leech restores HP from dealing damage, draw 1 card, then put 1 card from your hand on the bottom of your deck.","Pale parasitic moon-beast drinking red light from a wound, knowledge/cards flickering in its wake.","low-angle action"
"MON-004","Moondemons","Redjaw Raider","Creature","4","2","4","5","","","","","Bloodied - The first time each round Redjaw Raider deals combat damage, it gains +1 maximum HP permanently without restoring HP.","Heavy red-jawed raider with old scars visibly thickening after each successful strike.","wide environmental"
"MON-005","Moondemons","Woundrunner","Creature","4","1","4","4","","","","","Bloodied - Woundrunner has +2 STR while attacking an already-damaged enemy creature.","Fast hound-like hunter sprinting toward an already wounded target, body posture sharpening at the scent of injury.","three-quarter portrait"
"MON-006","Moondemons","Mercy Eater","Creature","4","2","2","6","","","","","Bloodied - The first time each round another friendly Moondemon restores HP, Mercy Eater gains +1 STR this round and takes 1 damage.","Broad mercy-eating creature reacting hungrily to an ally’s healing pulse, gaining power while hurting itself.","top-down/diagrammatic"
"MON-007","Moondemons","Moonclaw Duelist","Creature","5","1","4","6","","","","","Bloodied - The first time each round Moonclaw Duelist survives creature combat and remains Bloodied, it may immediately make one additional attack.","Moonclaw swordsman-beast surviving a clash and immediately twisting into a second attack under a crescent moon.","macro artifact"
"MON-008","Moondemons","Veinbreaker","Creature","5","1","5","5","","","","","Bloodied - Before Veinbreaker attacks, you may deal 1 damage to it. If you do, it gains +3 STR for that combat.","Veinbreaker deliberately opening a glowing scar before charging, raw lunar strength surging into one combat.","silhouette/action"
"MON-009","Moondemons","Hunger Matriarch","Creature","7","1","4","8","","","","","Bloodied - The first time each round another Bloodied friendly Moondemon deals damage, restore 1 additional HP to that creature after its universal restore.","Large pack matriarch radiating restorative crimson moonlight toward another wounded hunter after it feeds.","side-profile motion"
"MON-010","Moondemons","Nightpack Alpha","Creature","7","1","5","7","","","","","Bloodied - Other Bloodied friendly Moondemons have +1 STR.","Alpha beast standing above a bloodied pack, its presence sharpening every wounded ally around it.","cinematic wide"
"MON-011","Moondemons","Eclipse Ravager","Creature","8","1","6","8","","","","","Bloodied - Whenever Eclipse Ravager destroys an enemy creature in combat, deal 1 damage to every other enemy creature. Eclipse Ravager is the source of that damage.","Eclipse-black ravager tearing through one foe as a ring of secondary scarlet shockwaves hits the rest.","tight portrait"
"MON-012","Moondemons","Moonfang Sovereign","Creature","9","1","7","9","","","","","Bloodied - Moonfang Sovereign deals +3 damage on direct attacks. After it attacks, deal 1 damage to it.","Sovereign moon predator framed against a full pale moon, direct-charge silhouette followed by a self-cutting backlash.","full-body character"
"MON-013","Moondemons","Ward Sigil","Sigil","3","2","","","","","","","SIGIL — Attach face-down to a friendly Moondemon. When that ally would receive damage, reveal: prevent all of that damage, then give it Shield equal to the prevented damage.","Face-down talisman of dark bone and silver thread opening into a luminous ward sigil that converts an incoming blow into a shield.","low-angle action"
"MON-014","Moondemons","Bloodwake Sigil","Sigil","3","2","","","","","","","SIGIL — Attach face-down to a friendly Moondemon. When that ally becomes Bloodied, reveal: it gains +3 STR this round and Shield 2.","Hidden scarlet moon sigil erupting awake the instant its bearer crosses into Bloodied state.","wide environmental"
"MON-015","Moondemons","Fang Sigil","Sigil","3","2","","","","","","","SIGIL — Attach face-down to a friendly Moondemon. When that ally attacks while Bloodied, reveal: it gains +3 STR for that combat.","Fang-shaped sigil flashing beneath a bloodied attacker, adding one savage burst to the strike.","three-quarter portrait"
"MON-016","Moondemons","Reprisal Sigil","Sigil","3","2","","","","","","","SIGIL — Attach face-down to a friendly Moondemon. When that ally survives combat damage from an enemy creature, reveal: deal 2 damage to that enemy after combat.","Counterstrike sigil carved into dark metal, revealing after impact and sending a precise retaliatory slash back.","top-down/diagrammatic"
"MON-017","Moondemons","Redline Sigil","Sigil","3","2","","","","","","","SIGIL — Attach face-down to a friendly Moondemon. When that ally would heal to full after having been Bloodied, reveal: leave it at 1 HP below maximum instead and it permanently gains +1 STR / +1 maximum HP.","Redline sigil like a sealed scar that refuses full recovery, trading perfect healing for permanent predatory growth.","macro artifact"
"MON-018","Moondemons","Feast Sigil","Sigil","3","1","","","","","","","SIGIL — Attach face-down to a friendly Moondemon. When that ally destroys an enemy creature in combat, reveal: restore 3 HP to it, then draw 1 card and put 1 card from your hand on the bottom of your deck.","Feast sigil opening over a fresh kill, restorative crimson energy and a brief flash of new knowledge flowing to the bearer.","silhouette/action"
"MON-019","Moondemons","Blood in the Water","Trap","3","1","","","","","","","After an enemy creature takes damage and survives, Bloodied - Choose a Bloodied friendly Moondemon. Its next attack this round gains +2 STR for that combat.","Predator sensing blood spreading through dark water, another bloodied hunter locking onto the wounded target.","side-profile motion"
"MON-020","Moondemons","Last Bite","Trap","3","1","","","","","","","When a Bloodied friendly Moondemon is destroyed by an enemy creature, deal 2 damage to that enemy. Bloodied - Another Bloodied friendly Moondemon gains +2 maximum HP permanently without restoring HP.","Dying moon-beast delivering one last bite while a surviving packmate grows larger in the background.","cinematic wide"
"MON-021","Moondemons","Goremane Pup","Creature","2","2","2","3","","","","","Bloodied - The first time each round Goremane Pup takes damage, it gains +1 STR this round.","Small goremane pup bristling after being struck, fur and mane rising with red lunar energy.","tight portrait"
"MON-022","Moondemons","Crimson Surgeon","Creature","3","2","2","5","","","","","Bloodied - Once per round, deal 1 damage to another friendly Moondemon. That creature gains +1 maximum HP permanently without restoring HP and +1 STR this round.","Crimson field-surgeon using claws and ritual needles to deliberately wound and strengthen an allied Moondemon.","full-body character"
"MON-023","Moondemons","Dusk Butcher","Creature","4","2","4","5","","","","","Bloodied - When Dusk Butcher attacks a damaged enemy creature, it gains +2 STR for that combat.","Heavy dusk butcher advancing on a visibly wounded enemy, cleaver-like natural weapons brightening before impact.","low-angle action"
"MON-024","Moondemons","Ravine Stalker","Creature","5","1","5","5","","","","","Bloodied - When Ravine Stalker attacks a damaged enemy creature, it does not take retaliation damage from that combat.","Ravine predator slipping through an injured foe’s counterattack, shown in a low moonlit canyon stalking pose.","wide environmental"
"MON-025","Moondemons","Pale Moon Tyrant","Creature","7","1","6","8","","","","","Bloodied - The first time each round another friendly Moondemon becomes Bloodied, that creature gains +2 STR this round.","Pale tyrant watching another pack member become Bloodied, channeling a burst of strength into that ally.","three-quarter portrait"
"MON-026","Moondemons","Vespera, Redfang Matriarch","Legendary Creature","9","2","8","11","","","","","Bloodied - The first time each round Vespera deals damage, you may redirect up to 2 HP of her universal restore to another friendly Moondemon. BLOODTHIRST - The Pack Drinks Together: the first Moondemon destroyed by Bloodthirst each round gives +3 STR / +3 maximum and current HP to every other friendly Moondemon instead of +2/+2. FRENZIED - Redline: the first time each round a Bloodied friendly Moondemon would return to full HP and be destroyed by Frenzied, deal 1 damage to it before the full-HP death check.","Legendary redfang matriarch towering over the pack beneath an eclipsed moon, crimson restore-lines visibly redirecting between hunters.","top-down/diagrammatic"
"MON-027","Moondemons","Blood Price","Spell","3","2","","","","","","","Lose 2 Health. Gain 3 resources this round. Bloodied - If you control a Bloodied Moondemon, one Bloodied friendly Moondemon gains +2 STR this round.","Ritual payment scene: player-life represented as two red lunar coins burned away to release three resource sparks.","macro artifact"
"MON-028","Moondemons","Pack Feeding","Spell","4","2","","","","","","","Restore 2 HP to up to three friendly Moondemons. Bloodied - For each Bloodied target, you may replace 1 of that healing with +1 maximum HP permanently without restoring that point.","Several wounded pack members feeding together from one crimson lunar pool, healing choices visibly split between recovery and permanent growth.","silhouette/action"
"MON-029","Moondemons","Moonrage","Spell","6","1","","","","","","","Bloodied - All Bloodied friendly Moondemons gain +2 STR this round. After each of those creatures takes a combat action, deal 1 damage to it.","Whole bloodied pack surging under a violent moon halo, every attacker empowered but burning itself after acting.","side-profile motion"
"MON-030","Moondemons","Predator's Reprisal","Trap","4","1","","","","","","","When an enemy creature destroys one of your creatures, Bloodied - Choose another Bloodied friendly Moondemon. If it has not acted this round, it may immediately attack that enemy. After the attack, deal 1 damage to it.","A surviving bloodied hunter launching an immediate revenge strike at the creature that just killed its packmate.","cinematic wide"
"ELI-001","Eliteborn","Page of the Line","Creature","2","1","1","3","","","","","Formation (1) - Page of the Line has +2 STR.","Young noble page standing alone on a marked formation line, visibly stronger because the lane belongs entirely to them.","tight portrait"
"ELI-002","Eliteborn","Banner Squire","Creature","3","2","1","4","","","","","Formation (2) - The other creature in this Formation has +0 STR / +1 maximum and current HP.","Banner-bearing squire bracing beside one partner, cloth standard physically sheltering the other fighter.","full-body character"
"ELI-003","Eliteborn","Twinblade Cadet","Creature","3","2","2","3","","","","","Formation (2) - Twinblade Cadet has +2 STR / +1 maximum and current HP.","Cadet wielding paired blades in perfect two-person formation, stance opening only when a partner is present.","low-angle action"
"ELI-004","Eliteborn","Oathguard","Creature","4","2","3","5","","","","","Formation (3) - Oathguard has Taunt and +1 STR.","Armored oathguard anchoring a three-member line with shield forward and unmistakable Taunt posture.","wide environmental"
"ELI-005","Eliteborn","Bastion Captain","Creature","4","1","2","6","","","","","Formation (4) - The first damage dealt to a creature in this Formation each round is reduced by 2 before any Disperse split.","Veteran bastion captain at the center of a four-person shield wall, first impact dispersed across disciplined ranks.","three-quarter portrait"
"ELI-006","Eliteborn","Formation Adept","Creature","4","2","3","4","","","","","Formation (3) - Formation Adept has +1 STR / +1 maximum and current HP. The first time its Formation becomes exactly 3, draw 1 card, then put 1 card from your hand on the bottom of your deck.","Formation scholar-knight arranging exactly three fighters into a glowing tactical diagram while recording the result.","top-down/diagrammatic"
"ELI-007","Eliteborn","Relay Knight","Creature","5","1","4","5","","","","","Formation (2) - The first time each round an Equip attached to a creature in this Formation grants a stat bonus or triggered effect, the other creature gains +1 STR this round.","Relay knight channeling the effect of one ally’s equipment across a two-person link to the other.","macro artifact"
"ELI-008","Eliteborn","Bondwarden","Creature","5","1","3","7","","","","","Formation (4) - At the start of your round, restore 2 HP divided among creatures in this Formation.","Protective bondwarden moving through a four-member formation and dividing restorative aid among the line.","silhouette/action"
"ELI-009","Eliteborn","Standard Marshal","Creature","7","1","4","7","","","","","Formation (5) - Other creatures in this Formation have +1 STR.","Standard marshal raising a great heraldic banner over a five-member formation, all other fighters responding in unison.","side-profile motion"
"ELI-010","Eliteborn","Crowned Intercessor","Creature","7","1","4","8","","","","","Formation (3) - Once per round, when another creature in this Formation is targeted by an attack, Crowned Intercessor may become the target instead.","Crowned intercessor stepping sideways into an incoming attack meant for another formation member.","cinematic wide"
"ELI-011","Eliteborn","United Colossus","Creature","8","1","5","9","","","","","Formation (5+) - United Colossus has +1 STR for each other creature in this Formation, maximum +4 STR.","Massive armored colossus whose silhouette grows more imposing as additional formation members lock in around it.","tight portrait"
"ELI-012","Eliteborn","First Among Equals","Creature","9","1","6","9","","","","","Formation (1) - First Among Equals has +3 STR / +3 maximum and current HP. Formation (4) - Other creatures in this Formation have +1 STR / +1 maximum and current HP.","Elite lone champion standing apart with overwhelming presence, with a distant four-member formation echoing their authority.","full-body character"
"ELI-013","Eliteborn","Tighten Ranks","Spell","2","2","","","","","","","Choose one Formation. Until end of round, its printed Formation effects may treat its size as exactly 1 higher or 1 lower. This does not count as a card joining and cannot activate Disperse or a Rise as One growth trigger.","Tactical overhead view of ranks compressing or expanding by one position without anyone actually joining.","low-angle action"
"ELI-014","Eliteborn","Coordinated Strike","Spell","3","2","","","","","","","Choose two creatures in the same Formation. If both attack the same enemy this round, the second attacker gains +3 STR for that combat.","Two formation allies striking the same enemy in timed succession, the second hit landing with amplified force.","wide environmental"
"ELI-015","Eliteborn","Rotate the Line","Spell","3","2","","","","","","","Choose two creatures in the same Formation. Move up to 2 damage from one onto the other. This cannot reduce the receiving creature below 1 HP.","Two armored allies rotating positions in the line while visible battle damage is transferred between them.","three-quarter portrait"
"ELI-016","Eliteborn","Rally Standard","Spell","5","1","","","","","","","Choose a Formation. Its creatures gain +1 STR this round; if its Formation size is 4 or greater, they gain +2 STR instead.","A rally standard unfurling over a dense formation, larger groups receiving a visibly stronger martial surge.","top-down/diagrammatic"
"ELI-017","Eliteborn","Reinforce","Spell","5","1","","","","","","","Summon two 1 STR / 1 HP Recruit creatures into open creature slots. Choose a Formation for each Recruit as it enters, or place it alone as Formation (1).","Two fresh recruits rushing into open formation slots, each choosing a place in the larger line.","macro artifact"
"ELI-018","Eliteborn","Shared Purpose","Spell","5","1","","","","","","","Choose a Formation. Until end of round, the first time one creature in it gains STR or HP from another friendly card effect, every other creature in that Formation gains +1 to the same stat this round.","Shared-purpose oath light jumping from one strengthened formation member to every other member in the same group.","silhouette/action"
"ELI-019","Eliteborn","Tower Shield","Equip","3","2","","","","","","","Attach to a friendly Creature with no Equip. This Equip counts as 1 card in that creature's Formation. Formation (2) - Attached creature has Taunt.","Heavy physical tower shield with heraldic hardware and formation clasps; equipment portrait, not a character scene.","side-profile motion"
"ELI-020","Eliteborn","Oathblade","Equip","3","2","","","","","","","Attach to a friendly Creature with no Equip. This Equip counts as 1 card in that creature's Formation. Formation (3) - Attached creature gains +2 STR for its first combat each round.","Ceremonial but battle-worn oathblade designed to lock into formation gear, glowing only on the wielder’s first combat.","cinematic wide"
"ELI-021","Eliteborn","Shieldmate Recruit","Creature","2","2","1","4","","","","","Formation (2) - The first combat damage dealt each round to the other creature in this Formation is reduced by 1.","Shieldmate recruit leaning across a two-person line to blunt the first hit aimed at their partner.","tight portrait"
"ELI-022","Eliteborn","Line Medic","Creature","3","2","2","4","","","","","Formation (3) - At the start of your round, restore 2 HP to a creature in this Formation.","Line medic moving through a three-member formation with practical battlefield tools rather than magical healer robes.","full-body character"
"ELI-023","Eliteborn","Paired Lancer","Creature","4","2","4","3","","","","","Formation (2) - Paired Lancer has +2 STR / +2 maximum and current HP.","Paired lancer driving forward beside exactly one partner, long weapon and interlocked footing emphasizing formation size two.","low-angle action"
"ELI-024","Eliteborn","Formation Engineer","Creature","5","1","3","6","","","","","Formation (4) - The first Equip you attach each round to a creature in this Formation costs 1 less, minimum 1.","Military engineer fastening equipment into a four-member formation, making the next attachment more efficient.","wide environmental"
"ELI-025","Eliteborn","House Champion","Creature","7","1","6","7","","","","","Formation (3) - Once per round, when another creature in this Formation would be destroyed by combat damage, deal 2 damage to House Champion. If House Champion survives, prevent 2 of that damage to the other creature.","House champion taking a punishing intercepting blow so another formation member survives.","three-quarter portrait"
"ELI-026","Eliteborn","High Marshal Caedryn","Legendary Creature","9","2","7","11","","","","","Formation (5+) — The first time each round an Equip joins Caedryn's Formation, draw 1 card, then put 1 card from your hand on the bottom of your deck. WE STAND TOGETHER — No Empty Place: Caedryn's Formation gains Disperse at Formation 4+ instead of 5+, and the first time each round damage is dispersed there, reduce total damage by 2 before splitting it. RISE AS ONE. DIE AS ONE. — One Oath: the first time each round a card joins any Formation at size 2 or higher, the Rise growth for that addition is +2 STR / +2 maximum and current HP instead of +1/+1.","Legendary high marshal commanding a vast disciplined line, heraldry, equips, and formation geometry converging around one unmistakable leader.","top-down/diagrammatic"
"ELI-027","Eliteborn","Drill Standard","Equip","3","2","","","","","","","Attach to a friendly Creature with no Equip. This Equip counts as 1 card in that creature's Formation. Formation (4) - When Drill Standard joins this Formation, all creatures in it gain +1 STR this round.","Rigid drill standard planted into a four-member formation as every fighter snaps into a sharper offensive posture.","macro artifact"
"ELI-028","Eliteborn","Muster Horn","Equip","4","2","","","","","","","Attach to a friendly Creature with no Equip. This Equip counts as 1 card in that creature's Formation. Formation (3) - At the start of your round, if you have an open creature slot, summon a 1 STR / 1 HP Recruit into this Formation. This normally changes the Formation to size 4.","Large muster horn with formation insignia sounding as a new recruit steps into the line from the background.","silhouette/action"
"ELI-029","Eliteborn","Banner of Seven","Equip","6","1","","","","","","","Attach to a friendly Creature with no Equip. This Equip counts as 1 card in that creature's Formation. Formation (5+) - Creatures in this Formation have +0 STR / +1 maximum and current HP.","Grand seven-point banner hanging above a deep formation, protective heraldic structure reinforcing the entire group.","side-profile motion"
"ELI-030","Eliteborn","Take My Place","Equip","4","1","","","","","","","Attach to a friendly Creature with no Equip. This Equip counts as 1 card in that creature's Formation. Formation (2) - Once per round, when the other creature in this Formation is targeted by an attack, the attached creature may become the target instead.","Interception harness/equipment showing one armored bearer physically swapping into the attack path of their formation partner.","cinematic wide"