"id","faction","batch","name","type","cost","resource","str","hp","cracked_str","cracked_hp","crack_recipe","signature_detail","rules","art_target"
"HAR-001","Harvest","1","Furrow Keeper","Creature","3","2","1","4","","","","","At the end of your round before Wither, another friendly Harvest creature gains +1 maximum and current HP permanently.","Humble furrow keeper tending living soil-lines that visibly thicken a nearby ally, pastoral but uncanny."
"HAR-002","Harvest","1","Briarback","Creature","4","2","3","5","","","","","The first time each round Briarback survives creature combat damage, it gains +1 maximum and current HP permanently.","Briar-covered beast surviving a hard hit as new thorny mass permanently grows across its back."
"HAR-003","Harvest","1","Hollow Grazer","Creature","4","1","3","5","","","","","Before attacking, you may reduce Hollow Grazer's maximum and current HP by 2 permanently, minimum 1. If you do, it gains +3 STR this round.","Hollow grazer sacrificing chunks of its own woody body before charging with sudden oversized strength."
"HAR-004","Harvest","1","Graftkeeper","Creature","4","2","2","5","","","","","On play, move up to 2 permanent STR or maximum-HP bonus points from your other friendly creatures onto Graftkeeper in any combination.","Graftkeeper receiving living branches and muscle-vines transplanted from two nearby creatures into its own body."
"HAR-005","Harvest","1","Blightmouth","Creature","4","1","3","4","","","","","The first time each round Blightmouth gains STR or maximum HP, its next damage dealt this round is increased by 2.","Blightmouth creature swelling after new growth, mouth opening wider as stored vitality becomes violent damage."
"HAR-006","Harvest","1","The Walking Orchard","Creature","7","1","3","8","","","","","At the start of your round, choose up to two other friendly Harvest creatures. Each gains +1 maximum and current HP permanently.","The Walking Orchard: towering mobile orchard-beast with fruiting branches extending life into two smaller Harvest creatures."
"HAR-007","Harvest","1","Prune the Weak","Spell","3","1","","","","","","","Destroy a friendly creature. Another friendly creature gains STR equal to the destroyed creature's current STR, maximum +3 STR, permanently.","Pruning scene where one friendly plant-beast is cut down and its strength visibly grafts into another survivor."
"HAR-008","Harvest","1","Forced Bloom","Spell","2","2","","","","","","","A friendly creature gains +3 STR this round. After it takes a combat action this round, deal 1 damage to it.","Forced bloom exploding across a creature in one violent flowering burst, beautiful and obviously unsustainable."
"HAR-009","Harvest","1","Overgrowth","Spell","3","1","","","","","","","A friendly creature gains +4 maximum and current HP permanently. It cannot take a combat action this round.","A creature engulfed in massive protective overgrowth, heavier and healthier but temporarily rooted in place."
"HAR-010","Harvest","1","Thorn Tithe","Trap","3","2","","","","","","","After a friendly Harvest creature survives combat damage, it gains +1 STR / +1 maximum and current HP permanently.","Thorn Tithe trap erupting after combat, survivor instantly sprouting stronger thorns and thicker living bark."
"HAR-011","Harvest","2","Rootbound Tender","Creature","2","1","1","3","","","","","Once per round, when another friendly Harvest creature would take Wither damage, it gains +1 maximum and current HP permanently instead.","Small rootbound tender intercepting Wither through underground roots, converting decay into healthy permanent growth."
"HAR-012","Harvest","2","Splitbark","Creature","3","2","2","4","","","","","The first time each round Splitbark gains permanent STR or maximum HP, another friendly creature gains +1 of the same stat permanently.","Splitbark creature dividing new growth through branching vascular lines into another nearby ally."
"HAR-013","Harvest","2","Rejuvenation","Growth","3","1","3","4","","","","Dormant attachment; Bloom on printed trigger","GROWTH — Attach dormant to a friendly Harvest creature. When attached ally would take fatal damage, Bloom: leave it at 1 HP instead. For its controller's next 2 turns, restore 2 HP to it at the start and end of the turn.","Rejuvenation Growth: dormant bud attached to an ally, bursting at fatal injury and wrapping it in restorative shoots."
"HAR-014","Harvest","2","Thornbloom","Growth","3","2","2","6","","","","Dormant attachment; Bloom on printed trigger","GROWTH — Attach dormant to a friendly Harvest creature. When attached ally survives creature combat damage, Bloom for 2 turns. At the start of each of those turns it gains +2 STR that round.","Thornbloom Growth: thorny flower attachment awakening after combat and feeding short-lived offensive vines into its host."
"HAR-015","Harvest","2","Carrion Root","Growth","3","1","3","7","","","","Dormant attachment; Bloom on printed trigger","GROWTH — Attach dormant to a friendly Harvest creature. When another friendly creature dies, Bloom for 2 turns. At the start and end of each of those turns, attached ally permanently gains +1 STR / +1 maximum and current HP.","Carrion Root Growth feeding from a fallen ally’s remains, then thickening its host at both start and end of the cycle."
"HAR-016","Harvest","2","Nourishing Mycelium","Growth","3","1","5","10","","","","Dormant attachment; Bloom on printed trigger","GROWTH — Attach dormant to a friendly Harvest creature. When attached ally becomes Nourished after being unnourished, Bloom for 2 turns. While Blooming it cannot take Wither damage; restore 1 HP to it at the start and end of each turn.","Nourishing Mycelium Growth: dense fungal network blooming across a host, shielding it from Wither and slowly restoring it."
"HAR-017","Harvest","2","Predator Vine","Growth","3","2","","","","","","Dormant attachment; Bloom on printed trigger","GROWTH — Attach dormant to a friendly Harvest creature. When attached ally destroys an enemy creature in combat, Bloom for 2 turns. The first time each turn it deals damage to another target, it permanently gains +1 STR / +1 maximum and current HP.","Predator Vine Growth: dormant carnivorous vine awakening after a kill, wrapping the host and thickening with each new hit."
"HAR-018","Harvest","2","Ironbark Bloom","Growth","3","2","","","","","","Dormant attachment; Bloom on printed trigger","GROWTH — Attach dormant to a friendly Harvest creature. When attached ally takes 3 or more damage from one source and survives, Bloom for 2 turns. At the start and end of each turn, give it Shield 2.","Ironbark Bloom Growth: dormant bark plates erupting after a heavy surviving hit, forming repeated Shield layers."
"HAR-019","Harvest","2","Cultivate","Spell","5","1","","","","","","","Choose two different friendly creatures. Each gains +1 STR / +1 maximum and current HP permanently.","Cultivation scene with two different allies simultaneously receiving carefully directed permanent shoots and muscle-vines."
"HAR-020","Harvest","2","Ripen Under Pressure","Trap","3","1","","","","","","","After a friendly creature survives enemy creature damage, it gains +2 maximum and current HP permanently.","Ripen Under Pressure trap showing a battered creature suddenly thickening its body after surviving enemy damage."
"HAR-021","Harvest","3","Sapkeeper","Creature","2","2","1","3","","","","","The first time each round another friendly creature gains maximum HP, restore 1 HP to it and Sapkeeper gains +1 STR this round.","Tiny sapkeeper transferring a bead of golden sap into a growing ally while its own posture sharpens."
"HAR-022","Harvest","3","Graft Ox","Creature","4","2","3","5","","","","","The first time each round permanent STR or maximum-HP bonuses are moved onto Graft Ox, it gains +1 STR / +1 maximum and current HP permanently.","Massive graft ox receiving transplanted branches and sinew, the graft itself triggering even more permanent growth."
"HAR-023","Harvest","3","Thornfed Stag","Creature","4","2","4","4","","","","","The first time each round Thornfed Stag takes damage from one of your own cards or abilities, it gains +1 STR / +1 maximum and current HP permanently.","Thornfed stag willingly struck by allied thorns, antlers and body becoming larger from the controlled injury."
"HAR-024","Harvest","3","Orchard Midwife","Creature","5","1","2","7","","","","","At the end of your round before Wither, choose a damaged friendly creature that is Nourished. Restore 2 HP to it.","Orchard midwife tending a damaged nourished creature at dusk, restoring it with fruit-sap and careful living grafts."
"HAR-025","Harvest","3","Feastroot Titan","Creature","7","1","5","9","","","","","Once per round, reduce Feastroot Titan's maximum and current HP by 2 permanently, minimum 1. Another friendly creature gains +2 STR / +2 maximum and current HP permanently.","Feastroot titan tearing off part of its own huge root-mass to feed permanent power into another ally."
"HAR-026","Harvest","3","Eldergrowth, the First Orchard","Legendary Creature","9","2","6","12","","","","","CONSUME — Feast While Warm: for the first creature you Consume each round, treat its printed Cost as 2 higher before calculating the Consume bonus, maximum effective Cost 9. REGURGITATE — when another friendly creature dies, the first Regurgitate bonus each round may be split as +1/+1 to two different survivors instead of one.","Eldergrowth, the First Orchard: colossal ancient orchard entity, cathedral-scale trunk-body, roots and fruit embodying the faction’s entire growth cycle."
"HAR-027","Harvest","3","Selective Breeding","Spell","3","2","","","","","","","Choose a friendly creature with a permanent STR or maximum-HP bonus. Another friendly creature gains +1 permanent bonus of one stat type that the chosen creature has gained permanently.","Selective breeding scene comparing two living specimens and transferring one proven permanent trait into another."
"HAR-028","Harvest","3","Cull and Compost","Spell","4","2","","","","","","","Destroy a damaged friendly creature. Draw 2 cards. Another friendly creature gains +2 maximum and current HP permanently.","Damaged friendly creature composted into rich glowing soil, two cards emerging while another ally gains thicker roots."
"HAR-029","Harvest","3","Late Harvest","Spell","6","1","","","","","","","Remove up to 4 permanent STR or maximum-HP bonus points from one friendly creature. Distribute the same number of permanent STR or maximum-HP bonus points among your other friendly creatures in any combination.","Late-harvest ritual redistributing stored growth from one oversized creature into several different survivors."
"HAR-030","Harvest","3","Deep Roots","Trap","4","1","","","","","","","When a friendly creature with permanent stat bonuses would be destroyed by damage, remove up to 2 of those bonus points. Prevent 2 damage for each point removed.","Deep Roots trap ripping permanent growth back into the soil to stop lethal damage at the last instant."
